Batch,Dept,Name,ID
19,CS,John Smith,101
19,CS,Alice Johnson,102
19,EE,Michael Brown,103
19,EE,Emily Davis,104
19,AI,James Wilson,105
19,AI,Sarah Clark,106
19,BBA,David Martinez,107
19,BBA,Jessica Thompson,108
20,CS,Robert Garcia,109
20,CS,Emma White,110
20,EE,Daniel Lee,111
20,EE,Olivia Hall,112
20,AI,William Rodriguez,113
20,AI,Sophia Lopez,114
20,BBA,Matthew Perez,115
20,BBA,Isabella Green,116
21,CS,Joseph Carter,117
21,CS,Abigail Young,118
21,EE,Andrew Hill,119
21,EE,Mia King,120
21,AI,Alexander Scott,121
21,AI,Charlotte Evans,122
21,BBA,Daniel Turner,123
21,BBA,Emily Moore,124
22,CS,David Harris,125
22,CS,Samantha Allen,126
22,EE,Christopher Baker,127
22,EE,Lily Wright,128
22,AI,Matthew Nelson,129
22,AI,Grace Robinson,130
22,BBA,John Turner,131
22,BBA,Olivia Ward,132
19,CS,John Smith,133
19,CS,Alice Johnson,134
19,EE,Michael Brown,135
19,EE,Emily Davis,136
19,AI,James Wilson,137
19,AI,Sarah Clark,138
19,BBA,David Martinez,139
19,BBA,Jessica Thompson,140
20,CS,Robert Garcia,141
20,CS,Emma White,142
20,EE,Daniel Lee,143
20,EE,Olivia Hall,144
20,AI,William Rodriguez,145
20,AI,Sophia Lopez,146
20,BBA,Matthew Perez,147
20,BBA,Isabella Green,148
21,CS,Joseph Carter,149
21,CS,Abigail Young,150
21,EE,Andrew Hill,151
21,EE,Mia King,152
21,AI,Alexander Scott,153
21,AI,Charlotte Evans,154
21,BBA,Daniel Turner,155
21,BBA,Emily Moore,156
22,CS,David Harris,157
22,CS,Samantha Allen,158
22,EE,Christopher Baker,159
22,EE,Lily Wright,160
22,AI,Matthew Nelson,161
22,AI,Grace Robinson,162
22,BBA,John Turner,163
22,BBA,Olivia Ward,164
19,CS,John Smith,165
19,CS,Alice Johnson,166
19,EE,Michael Brown,167
19,EE,Emily Davis,168
19,AI,James Wilson,169
19,AI,Sarah Clark,170
19,BBA,David Martinez,171
19,BBA,Jessica Thompson,172
20,CS,Robert Garcia,173
20,CS,Emma White,174
20,EE,Daniel Lee,175
20,EE,Olivia Hall,176
20,AI,William Rodriguez,177
20,AI,Sophia Lopez,178
20,BBA,Matthew Perez,179
20,BBA,Isabella Green,180
21,CS,Joseph Carter,181
21,CS,Abigail Young,182
21,EE,Andrew Hill,183
21,EE,Mia King,184
21,AI,Alexander Scott,185
21,AI,Charlotte Evans,186
21,BBA,Daniel Turner,187
21,BBA,Emily Moore,188
22,CS,David Harris,189
22,CS,Samantha Allen,190
22,EE,Christopher Baker,191
22,EE,Lily Wright,192
22,AI,Matthew Nelson,193
22,AI,Grace Robinson,194
22,BBA,John Turner,195
22,BBA,Olivia Ward,196
19,CS,John Smith,197
19,CS,Alice Johnson,198
19,EE,Michael Brown,199
19,EE,Emily Davis,200
19,AI,James Wilson,201
19,AI,Sarah Clark,202
19,BBA,David Martinez,203
19,BBA,Jessica Thompson,204
20,CS,Robert Garcia,205
20,CS,Emma White,206
20,EE,Daniel Lee,207
20,EE,Olivia Hall,208
20,AI,William Rodriguez,209
20,AI,Sophia Lopez,210
20,BBA,Matthew Perez,211
20,BBA,Isabella Green,212
21,CS,Joseph Carter,213
21,CS,Abigail Young,214
21,EE,Andrew Hill,215
21,EE,Mia King,216
21,AI,Alexander Scott,217
21,AI,Charlotte Evans,218
21,BBA,Daniel Turner,219
21,BBA,Emily Moore,220
22,CS,David Harris,221
22,CS,Samantha Allen,222
22,EE,Christopher Baker,223
19,CS,John Smith,224
19,CS,Alice Johnson,225
19,EE,Michael Brown,226
19,EE,Emily Davis,227
19,AI,James Wilson,228
19,AI,Sarah Clark,229
19,BBA,David Martinez,230
19,BBA,Jessica Thompson,231
20,CS,Robert Garcia,232
20,CS,Emma White,233
20,EE,Daniel Lee,234
20,EE,Olivia Hall,235
20,AI,William Rodriguez,236
20,AI,Sophia Lopez,237
20,BBA,Matthew Perez,238
20,BBA,Isabella Green,239
21,CS,Joseph Carter,240
21,CS,Abigail Young,241
21,EE,Andrew Hill,242
21,EE,Mia King,243
21,AI,Alexander Scott,244
21,AI,Charlotte Evans,245
21,BBA,Daniel Turner,246
21,BBA,Emily Moore,247
22,CS,David Harris,248
22,CS,Samantha Allen,249
22,EE,Christopher Baker,250
22,EE,Lily Wright,251
22,AI,Matthew Nelson,252
22,AI,Grace Robinson,253
22,BBA,John Turner,254
22,BBA,Olivia Ward,255
19,CS,John Smith,256
19,CS,Alice Johnson,257
19,EE,Michael Brown,258
19,EE,Emily Davis,259
19,AI,James Wilson,260
19,AI,Sarah Clark,261
19,BBA,David Martinez,262
19,BBA,Jessica Thompson,263
20,CS,Robert Garcia,264
20,CS,Emma White,265
20,EE,Daniel Lee,266
20,EE,Olivia Hall,267
20,AI,William Rodriguez,268
20,AI,Sophia Lopez,269
20,BBA,Matthew Perez,270
20,BBA,Isabella Green,271
21,CS,Joseph Carter,272
21,CS,Abigail Young,273
21,EE,Andrew Hill,274
21,EE,Mia King,275
21,AI,Alexander Scott,276
21,AI,Charlotte Evans,277
21,BBA,Daniel Turner,278
21,BBA,Emily Moore,279
22,CS,David Harris,280
22,CS,Samantha Allen,281
22,EE,Christopher Baker,282
22,EE,Lily Wright,283
22,AI,Matthew Nelson,284
22,AI,Grace Robinson,285
22,BBA,John Turner,286
22,BBA,Olivia Ward,287
19,CS,John Smith,288
19,CS,Alice Johnson,289
19,EE,Michael Brown,290
19,EE,Emily Davis,291
19,AI,James Wilson,292
19,AI,Sarah Clark,293
19,BBA,David Martinez,294
19,BBA,Jessica Thompson,295
20,CS,Robert Garcia,296
20,CS,Emma White,297
20,EE,Daniel Lee,298
20,EE,Olivia Hall,299
20,AI,William Rodriguez,300
20,AI,Sophia Lopez,301
20,BBA,Matthew Perez,302
20,BBA,Isabella Green,303
21,CS,Joseph Carter,304
21,CS,Abigail Young,305
21,EE,Andrew Hill,306
21,EE,Mia King,307
21,AI,Alexander Scott,308
21,AI,Charlotte Evans,309
21,BBA,Daniel Turner,310
21,BBA,Emily Moore,311
22,CS,David Harris,312
22,CS,Samantha Allen,313
22,EE,Christopher Baker,314
22,EE,Lily Wright,315
22,AI,Matthew Nelson,316
22,AI,Grace Robinson,317
22,BBA,John Turner,318
22,BBA,Olivia Ward,319
19,CS,John Smith,320
19,CS,Alice Johnson,321
19,EE,Michael Brown,322
19,EE,Emily Davis,323
19,AI,James Wilson,324
19,AI,Sarah Clark,325
19,BBA,David Martinez,326
19,BBA,Jessica Thompson,327
20,CS,Robert Garcia,328
20,CS,Emma White,329
20,EE,Daniel Lee,330
20,EE,Olivia Hall,331
20,AI,William Rodriguez,332
20,AI,Sophia Lopez,333
20,BBA,Matthew Perez,334
20,BBA,Isabella Green,335
21,CS,Joseph Carter,336
21,CS,Abigail Young,337
21,EE,Andrew Hill,338
21,EE,Mia King,339
21,AI,Alexander Scott,340
21,AI,Charlotte Evans,341
21,BBA,Daniel Turner,342
21,BBA,Emily Moore,343
22,CS,David Harris,344
22,CS,Samantha Allen,345
22,EE,Christopher Baker,346
19,CS,John Smith,347
19,CS,Alice Johnson,348
19,EE,Michael Brown,349
19,EE,Emily Davis,350
19,AI,James Wilson,351
19,AI,Sarah Clark,352
19,BBA,David Martinez,353
19,BBA,Jessica Thompson,354
20,CS,Robert Garcia,355
20,CS,Emma White,356
20,EE,Daniel Lee,357
20,EE,Olivia Hall,358
20,AI,William Rodriguez,359
20,AI,Sophia Lopez,360
20,BBA,Matthew Perez,361
20,BBA,Isabella Green,362
21,CS,Joseph Carter,363
21,CS,Abigail Young,364
21,EE,Andrew Hill,365
21,EE,Mia King,366
21,AI,Alexander Scott,367
21,AI,Charlotte Evans,368
21,BBA,Daniel Turner,369
21,BBA,Emily Moore,370
22,CS,David Harris,371
22,CS,Samantha Allen,372
22,EE,Christopher Baker,373
22,EE,Lily Wright,374
22,AI,Matthew Nelson,375
22,AI,Grace Robinson,376
22,BBA,John Turner,377
22,BBA,Olivia Ward,378
19,CS,John Smith,379
19,CS,Alice Johnson,380
19,EE,Michael Brown,381
19,EE,Emily Davis,382
19,AI,James Wilson,383
19,AI,Sarah Clark,384
19,BBA,David Martinez,385
19,BBA,Jessica Thompson,386
20,CS,Robert Garcia,387
20,CS,Emma White,388
20,EE,Daniel Lee,389
20,EE,Olivia Hall,390
20,AI,William Rodriguez,391
20,AI,Sophia Lopez,392
20,BBA,Matthew Perez,393
20,BBA,Isabella Green,394
21,CS,Joseph Carter,395
21,CS,Abigail Young,396
21,EE,Andrew Hill,397
21,EE,Mia King,398
21,AI,Alexander Scott,399
21,AI,Charlotte Evans,400
21,BBA,Daniel Turner,401
21,BBA,Emily Moore,402
22,CS,David Harris,403
22,CS,Samantha Allen,404
22,EE,Christopher Baker,405
22,EE,Lily Wright,406
22,AI,Matthew Nelson,407
22,AI,Grace Robinson,408
22,BBA,John Turner,409
22,BBA,Olivia Ward,410
19,CS,John Smith,411
19,CS,Alice Johnson,412
19,EE,Michael Brown,413
19,EE,Emily Davis,414
19,AI,James Wilson,415
19,AI,Sarah Clark,416
19,BBA,David Martinez,417
19,BBA,Jessica Thompson,418
20,CS,Robert Garcia,419
20,CS,Emma White,420
20,EE,Daniel Lee,421
20,EE,Olivia Hall,422
20,AI,William Rodriguez,423
20,AI,Sophia Lopez,424
20,BBA,Matthew Perez,425
20,BBA,Isabella Green,426
21,CS,Joseph Carter,427
21,CS,Abigail Young,428
21,EE,Andrew Hill,429
21,EE,Mia King,430
21,AI,Alexander Scott,431
21,AI,Charlotte Evans,432
21,BBA,Daniel Turner,433
21,BBA,Emily Moore,434
22,CS,David Harris,435
22,CS,Samantha Allen,436
22,EE,Christopher Baker,437
22,EE,Lily Wright,438
22,AI,Matthew Nelson,439
22,AI,Grace Robinson,440
22,BBA,John Turner,441
22,BBA,Olivia Ward,442
19,CS,John Smith,443
19,CS,Alice Johnson,444
19,EE,Michael Brown,445
19,EE,Emily Davis,446
19,AI,James Wilson,447
19,AI,Sarah Clark,448
19,BBA,David Martinez,449
19,BBA,Jessica Thompson,450
20,CS,Robert Garcia,451
20,CS,Emma White,452
20,EE,Daniel Lee,453
20,EE,Olivia Hall,454
20,AI,William Rodriguez,455
20,AI,Sophia Lopez,456
20,BBA,Matthew Perez,457
20,BBA,Isabella Green,458
21,CS,Joseph Carter,459
21,CS,Abigail Young,460
21,EE,Andrew Hill,461
21,EE,Mia King,462
21,AI,Alexander Scott,463
21,AI,Charlotte Evans,464
21,BBA,Daniel Turner,465
21,BBA,Emily Moore,466
22,CS,David Harris,467
22,CS,Samantha Allen,468
22,EE,Christopher Baker,469
19,CS,John Smith,470
19,CS,Alice Johnson,471
19,EE,Michael Brown,472
19,EE,Emily Davis,473
19,AI,James Wilson,474
19,AI,Sarah Clark,475
19,BBA,David Martinez,476
19,BBA,Jessica Thompson,477
20,CS,Robert Garcia,478
20,CS,Emma White,479
20,EE,Daniel Lee,480
20,EE,Olivia Hall,481
20,AI,William Rodriguez,482
20,AI,Sophia Lopez,483
20,BBA,Matthew Perez,484
20,BBA,Isabella Green,485
21,CS,Joseph Carter,486
21,CS,Abigail Young,487
21,EE,Andrew Hill,488
21,EE,Mia King,489
21,AI,Alexander Scott,490
21,AI,Charlotte Evans,491
21,BBA,Daniel Turner,492
21,BBA,Emily Moore,493
22,CS,David Harris,494
22,CS,Samantha Allen,495
22,EE,Christopher Baker,496
22,EE,Lily Wright,497
22,AI,Matthew Nelson,498
22,AI,Grace Robinson,499
22,BBA,John Turner,500
22,BBA,Olivia Ward,501
19,CS,John Smith,502
19,CS,Alice Johnson,503
19,EE,Michael Brown,504
19,EE,Emily Davis,505
19,AI,James Wilson,506
19,AI,Sarah Clark,507
19,BBA,David Martinez,508
19,BBA,Jessica Thompson,509
20,CS,Robert Garcia,510
20,CS,Emma White,511
20,EE,Daniel Lee,512
20,EE,Olivia Hall,513
20,AI,William Rodriguez,514
20,AI,Sophia Lopez,515
20,BBA,Matthew Perez,516
20,BBA,Isabella Green,517
21,CS,Joseph Carter,518
21,CS,Abigail Young,519
21,EE,Andrew Hill,520
21,EE,Mia King,521
21,AI,Alexander Scott,522
21,AI,Charlotte Evans,523
21,BBA,Daniel Turner,524
21,BBA,Emily Moore,525
22,CS,David Harris,526
22,CS,Samantha Allen,527
22,EE,Christopher Baker,528
22,EE,Lily Wright,529
22,AI,Matthew Nelson,530
22,AI,Grace Robinson,531
22,BBA,John Turner,532
22,BBA,Olivia Ward,533
19,CS,John Smith,534
19,CS,Alice Johnson,535
19,EE,Michael Brown,536
19,EE,Emily Davis,537
19,AI,James Wilson,538
19,AI,Sarah Clark,539
19,BBA,David Martinez,540
19,BBA,Jessica Thompson,541
20,CS,Robert Garcia,542
20,CS,Emma White,543
20,EE,Daniel Lee,544
20,EE,Olivia Hall,545
20,AI,William Rodriguez,546
20,AI,Sophia Lopez,547
20,BBA,Matthew Perez,548
20,BBA,Isabella Green,549
21,CS,Joseph Carter,550
21,CS,Abigail Young,551
21,EE,Andrew Hill,552
21,EE,Mia King,553
21,AI,Alexander Scott,554
21,AI,Charlotte Evans,555
21,BBA,Daniel Turner,556
21,BBA,Emily Moore,557
22,CS,David Harris,558
22,CS,Samantha Allen,559
22,EE,Christopher Baker,560
22,EE,Lily Wright,561
22,AI,Matthew Nelson,562
22,AI,Grace Robinson,563
22,BBA,John Turner,564
22,BBA,Olivia Ward,565
19,CS,John Smith,566
19,CS,Alice Johnson,567
19,EE,Michael Brown,568
19,EE,Emily Davis,569
19,AI,James Wilson,570
19,AI,Sarah Clark,571
19,BBA,David Martinez,572
19,BBA,Jessica Thompson,573
20,CS,Robert Garcia,574
20,CS,Emma White,575
20,EE,Daniel Lee,576
20,EE,Olivia Hall,577
20,AI,William Rodriguez,578
20,AI,Sophia Lopez,579
20,BBA,Matthew Perez,580
20,BBA,Isabella Green,581
21,CS,Joseph Carter,582
21,CS,Abigail Young,583
21,EE,Andrew Hill,584
21,EE,Mia King,585
21,AI,Alexander Scott,586
21,AI,Charlotte Evans,587
21,BBA,Daniel Turner,588
21,BBA,Emily Moore,589
22,CS,David Harris,590
22,CS,Samantha Allen,591
22,EE,Christopher Baker,592
19,CS,John Smith,593
19,CS,Alice Johnson,594
19,EE,Michael Brown,595
19,EE,Emily Davis,596
19,AI,James Wilson,597
19,AI,Sarah Clark,598
19,BBA,David Martinez,599
19,BBA,Jessica Thompson,600
20,CS,Robert Garcia,601
20,CS,Emma White,602
20,EE,Daniel Lee,603
20,EE,Olivia Hall,604
20,AI,William Rodriguez,605
20,AI,Sophia Lopez,606
20,BBA,Matthew Perez,607
20,BBA,Isabella Green,608
21,CS,Joseph Carter,609
21,CS,Abigail Young,610
21,EE,Andrew Hill,611
21,EE,Mia King,612
21,AI,Alexander Scott,613
21,AI,Charlotte Evans,614
21,BBA,Daniel Turner,615
21,BBA,Emily Moore,616
22,CS,David Harris,617
22,CS,Samantha Allen,618
22,EE,Christopher Baker,619
22,EE,Lily Wright,620
22,AI,Matthew Nelson,621
22,AI,Grace Robinson,622
22,BBA,John Turner,623
22,BBA,Olivia Ward,624
19,CS,John Smith,625
19,CS,Alice Johnson,626
19,EE,Michael Brown,627
19,EE,Emily Davis,628
19,AI,James Wilson,629
19,AI,Sarah Clark,630
19,BBA,David Martinez,631
19,BBA,Jessica Thompson,632
20,CS,Robert Garcia,633
20,CS,Emma White,634
20,EE,Daniel Lee,635
20,EE,Olivia Hall,636
20,AI,William Rodriguez,637
20,AI,Sophia Lopez,638
20,BBA,Matthew Perez,639
20,BBA,Isabella Green,640
21,CS,Joseph Carter,641
21,CS,Abigail Young,642
21,EE,Andrew Hill,643
21,EE,Mia King,644
21,AI,Alexander Scott,645
21,AI,Charlotte Evans,646
21,BBA,Daniel Turner,647
21,BBA,Emily Moore,648
22,CS,David Harris,649
22,CS,Samantha Allen,650
22,EE,Christopher Baker,651
22,EE,Lily Wright,652
22,AI,Matthew Nelson,653
22,AI,Grace Robinson,654
22,BBA,John Turner,655
22,BBA,Olivia Ward,656
19,CS,John Smith,657
19,CS,Alice Johnson,658
19,EE,Michael Brown,659
19,EE,Emily Davis,660
19,AI,James Wilson,661
19,AI,Sarah Clark,662
19,BBA,David Martinez,663
19,BBA,Jessica Thompson,664
20,CS,Robert Garcia,665
20,CS,Emma White,666
20,EE,Daniel Lee,667
20,EE,Olivia Hall,668
20,AI,William Rodriguez,669
20,AI,Sophia Lopez,670
20,BBA,Matthew Perez,671
20,BBA,Isabella Green,672
21,CS,Joseph Carter,673
21,CS,Abigail Young,674
21,EE,Andrew Hill,675
21,EE,Mia King,676
21,AI,Alexander Scott,677
21,AI,Charlotte Evans,678
21,BBA,Daniel Turner,679
21,BBA,Emily Moore,680
22,CS,David Harris,681
22,CS,Samantha Allen,682
22,EE,Christopher Baker,683
22,EE,Lily Wright,684
22,AI,Matthew Nelson,685
22,AI,Grace Robinson,686
22,BBA,John Turner,687
22,BBA,Olivia Ward,688
19,CS,John Smith,689
19,CS,Alice Johnson,690
19,EE,Michael Brown,691
19,EE,Emily Davis,692
19,AI,James Wilson,693
19,AI,Sarah Clark,694
19,BBA,David Martinez,695
19,BBA,Jessica Thompson,696
20,CS,Robert Garcia,697
20,CS,Emma White,698
20,EE,Daniel Lee,699
20,EE,Olivia Hall,700
20,AI,William Rodriguez,701
20,AI,Sophia Lopez,702
20,BBA,Matthew Perez,703
20,BBA,Isabella Green,704
21,CS,Joseph Carter,705
21,CS,Abigail Young,706
21,EE,Andrew Hill,707
21,EE,Mia King,708
21,AI,Alexander Scott,709
21,AI,Charlotte Evans,710
21,BBA,Daniel Turner,711
21,BBA,Emily Moore,712
22,CS,David Harris,713
22,CS,Samantha Allen,714
22,EE,Christopher Baker,715
19,CS,John Smith,716
19,CS,Alice Johnson,717
19,EE,Michael Brown,718
19,EE,Emily Davis,719
19,AI,James Wilson,720
19,AI,Sarah Clark,721
19,BBA,David Martinez,722
19,BBA,Jessica Thompson,723
20,CS,Robert Garcia,724
20,CS,Emma White,725
20,EE,Daniel Lee,726
20,EE,Olivia Hall,727
20,AI,William Rodriguez,728
20,AI,Sophia Lopez,729
20,BBA,Matthew Perez,730
20,BBA,Isabella Green,731
21,CS,Joseph Carter,732
21,CS,Abigail Young,733
21,EE,Andrew Hill,734
21,EE,Mia King,735
21,AI,Alexander Scott,736
21,AI,Charlotte Evans,737
21,BBA,Daniel Turner,738
21,BBA,Emily Moore,739
22,CS,David Harris,740
22,CS,Samantha Allen,741
22,EE,Christopher Baker,742
22,EE,Lily Wright,743
22,AI,Matthew Nelson,744
22,AI,Grace Robinson,745
22,BBA,John Turner,746
22,BBA,Olivia Ward,747
19,CS,John Smith,748
19,CS,Alice Johnson,749
19,EE,Michael Brown,750
19,EE,Emily Davis,751
19,AI,James Wilson,752
19,AI,Sarah Clark,753
19,BBA,David Martinez,754
19,BBA,Jessica Thompson,755
20,CS,Robert Garcia,756
20,CS,Emma White,757
20,EE,Daniel Lee,758
20,EE,Olivia Hall,759
20,AI,William Rodriguez,760
20,AI,Sophia Lopez,761
20,BBA,Matthew Perez,762
20,BBA,Isabella Green,763
21,CS,Joseph Carter,764
21,CS,Abigail Young,765
21,EE,Andrew Hill,766
21,EE,Mia King,767
21,AI,Alexander Scott,768
21,AI,Charlotte Evans,769
21,BBA,Daniel Turner,770
21,BBA,Emily Moore,771
22,CS,David Harris,772
22,CS,Samantha Allen,773
22,EE,Christopher Baker,774
22,EE,Lily Wright,775
22,AI,Matthew Nelson,776
22,AI,Grace Robinson,777
22,BBA,John Turner,778
22,BBA,Olivia Ward,779
19,CS,John Smith,780
19,CS,Alice Johnson,781
19,EE,Michael Brown,782
19,EE,Emily Davis,783
19,AI,James Wilson,784
19,AI,Sarah Clark,785
19,BBA,David Martinez,786
19,BBA,Jessica Thompson,787
20,CS,Robert Garcia,788
20,CS,Emma White,789
20,EE,Daniel Lee,790
20,EE,Olivia Hall,791
20,AI,William Rodriguez,792
20,AI,Sophia Lopez,793
20,BBA,Matthew Perez,794
20,BBA,Isabella Green,795
21,CS,Joseph Carter,796
21,CS,Abigail Young,797
21,EE,Andrew Hill,798
21,EE,Mia King,799
21,AI,Alexander Scott,800
21,AI,Charlotte Evans,801
21,BBA,Daniel Turner,802
21,BBA,Emily Moore,803
22,CS,David Harris,804
22,CS,Samantha Allen,805
22,EE,Christopher Baker,806
22,EE,Lily Wright,807
22,AI,Matthew Nelson,808
22,AI,Grace Robinson,809
22,BBA,John Turner,810
22,BBA,Olivia Ward,811
19,CS,John Smith,812
19,CS,Alice Johnson,813
19,EE,Michael Brown,814
19,EE,Emily Davis,815
19,AI,James Wilson,816
19,AI,Sarah Clark,817
19,BBA,David Martinez,818
19,BBA,Jessica Thompson,819
20,CS,Robert Garcia,820
20,CS,Emma White,821
20,EE,Daniel Lee,822
20,EE,Olivia Hall,823
20,AI,William Rodriguez,824
20,AI,Sophia Lopez,825
20,BBA,Matthew Perez,826
20,BBA,Isabella Green,827
21,CS,Joseph Carter,828
21,CS,Abigail Young,829
21,EE,Andrew Hill,830
21,EE,Mia King,831
21,AI,Alexander Scott,832
21,AI,Charlotte Evans,833
21,BBA,Daniel Turner,834
21,BBA,Emily Moore,835
22,CS,David Harris,836
22,CS,Samantha Allen,837
22,EE,Christopher Baker,838
19,CS,John Smith,839
19,CS,Alice Johnson,840
19,EE,Michael Brown,841
19,EE,Emily Davis,842
19,AI,James Wilson,843
19,AI,Sarah Clark,844
19,BBA,David Martinez,845
19,BBA,Jessica Thompson,846
20,CS,Robert Garcia,847
20,CS,Emma White,848
20,EE,Daniel Lee,849
20,EE,Olivia Hall,850
20,AI,William Rodriguez,851
20,AI,Sophia Lopez,852
20,BBA,Matthew Perez,853
20,BBA,Isabella Green,854
21,CS,Joseph Carter,855
21,CS,Abigail Young,856
21,EE,Andrew Hill,857
21,EE,Mia King,858
21,AI,Alexander Scott,859
21,AI,Charlotte Evans,860
21,BBA,Daniel Turner,861
21,BBA,Emily Moore,862
22,CS,David Harris,863
22,CS,Samantha Allen,864
22,EE,Christopher Baker,865
22,EE,Lily Wright,866
22,AI,Matthew Nelson,867
22,AI,Grace Robinson,868
22,BBA,John Turner,869
22,BBA,Olivia Ward,870
19,CS,John Smith,871
19,CS,Alice Johnson,872
19,EE,Michael Brown,873
19,EE,Emily Davis,874
19,AI,James Wilson,875
19,AI,Sarah Clark,876
19,BBA,David Martinez,877
19,BBA,Jessica Thompson,878
20,CS,Robert Garcia,879
20,CS,Emma White,880
20,EE,Daniel Lee,881
20,EE,Olivia Hall,882
20,AI,William Rodriguez,883
20,AI,Sophia Lopez,884
20,BBA,Matthew Perez,885
20,BBA,Isabella Green,886
21,CS,Joseph Carter,887
21,CS,Abigail Young,888
21,EE,Andrew Hill,889
21,EE,Mia King,890
21,AI,Alexander Scott,891
21,AI,Charlotte Evans,892
21,BBA,Daniel Turner,893
21,BBA,Emily Moore,894
22,CS,David Harris,895
22,CS,Samantha Allen,896
22,EE,Christopher Baker,897
22,EE,Lily Wright,898
22,AI,Matthew Nelson,899
22,AI,Grace Robinson,900
22,BBA,John Turner,901
22,BBA,Olivia Ward,902
19,CS,John Smith,903
19,CS,Alice Johnson,904
19,EE,Michael Brown,905
19,EE,Emily Davis,906
19,AI,James Wilson,907
19,AI,Sarah Clark,908
19,BBA,David Martinez,909
19,BBA,Jessica Thompson,910
20,CS,Robert Garcia,911
20,CS,Emma White,912
20,EE,Daniel Lee,913
20,EE,Olivia Hall,914
20,AI,William Rodriguez,915
20,AI,Sophia Lopez,916
20,BBA,Matthew Perez,917
20,BBA,Isabella Green,918
21,CS,Joseph Carter,919
21,CS,Abigail Young,920
21,EE,Andrew Hill,921
21,EE,Mia King,922
21,AI,Alexander Scott,923
21,AI,Charlotte Evans,924
21,BBA,Daniel Turner,925
21,BBA,Emily Moore,926
22,CS,David Harris,927
22,CS,Samantha Allen,928
22,EE,Christopher Baker,929
22,EE,Lily Wright,930
22,AI,Matthew Nelson,931
22,AI,Grace Robinson,932
22,BBA,John Turner,933
22,BBA,Olivia Ward,934
19,CS,John Smith,935
19,CS,Alice Johnson,936
19,EE,Michael Brown,937
19,EE,Emily Davis,938
19,AI,James Wilson,939
19,AI,Sarah Clark,940
19,BBA,David Martinez,941
19,BBA,Jessica Thompson,942
20,CS,Robert Garcia,943
20,CS,Emma White,944
20,EE,Daniel Lee,945
20,EE,Olivia Hall,946
20,AI,William Rodriguez,947
20,AI,Sophia Lopez,948
20,BBA,Matthew Perez,949
20,BBA,Isabella Green,950
21,CS,Joseph Carter,951
21,CS,Abigail Young,952
21,EE,Andrew Hill,953
21,EE,Mia King,954
21,AI,Alexander Scott,955
21,AI,Charlotte Evans,956
21,BBA,Daniel Turner,957
21,BBA,Emily Moore,958
22,CS,David Harris,959
22,CS,Samantha Allen,960
22,EE,Christopher Baker,961
19,CS,John Smith,962
19,CS,Alice Johnson,963
19,EE,Michael Brown,964
19,EE,Emily Davis,965
19,AI,James Wilson,966
19,AI,Sarah Clark,967
19,BBA,David Martinez,968
19,BBA,Jessica Thompson,969
20,CS,Robert Garcia,970
20,CS,Emma White,971
20,EE,Daniel Lee,972
20,EE,Olivia Hall,973
20,AI,William Rodriguez,974
20,AI,Sophia Lopez,975
20,BBA,Matthew Perez,976
20,BBA,Isabella Green,977
21,CS,Joseph Carter,978
21,CS,Abigail Young,979
21,EE,Andrew Hill,980
21,EE,Mia King,981
21,AI,Alexander Scott,982
21,AI,Charlotte Evans,983
21,BBA,Daniel Turner,984
21,BBA,Emily Moore,985
22,CS,David Harris,986
22,CS,Samantha Allen,987
22,EE,Christopher Baker,988
22,EE,Lily Wright,989
22,AI,Matthew Nelson,990
22,AI,Grace Robinson,991
22,BBA,John Turner,992
22,BBA,Olivia Ward,993
19,CS,John Smith,994
19,CS,Alice Johnson,995
19,EE,Michael Brown,996
19,EE,Emily Davis,997
19,AI,James Wilson,998
19,AI,Sarah Clark,999
19,BBA,David Martinez,1000
19,BBA,Jessica Thompson,1001
20,CS,Robert Garcia,1002
20,CS,Emma White,1003
20,EE,Daniel Lee,1004
20,EE,Olivia Hall,1005
20,AI,William Rodriguez,1006
20,AI,Sophia Lopez,1007
20,BBA,Matthew Perez,1008
20,BBA,Isabella Green,1009
21,CS,Joseph Carter,1010
21,CS,Abigail Young,1011
21,EE,Andrew Hill,1012
21,EE,Mia King,1013
21,AI,Alexander Scott,1014
21,AI,Charlotte Evans,1015
21,BBA,Daniel Turner,1016
21,BBA,Emily Moore,1017
22,CS,David Harris,1018
22,CS,Samantha Allen,1019
22,EE,Christopher Baker,1020
22,EE,Lily Wright,1021
22,AI,Matthew Nelson,1022
22,AI,Grace Robinson,1023
22,BBA,John Turner,1024
22,BBA,Olivia Ward,1025
19,CS,John Smith,1026
19,CS,Alice Johnson,1027
19,EE,Michael Brown,1028
19,EE,Emily Davis,1029
19,AI,James Wilson,1030
19,AI,Sarah Clark,1031
19,BBA,David Martinez,1032
19,BBA,Jessica Thompson,1033
20,CS,Robert Garcia,1034
20,CS,Emma White,1035
20,EE,Daniel Lee,1036
20,EE,Olivia Hall,1037
20,AI,William Rodriguez,1038
20,AI,Sophia Lopez,1039
20,BBA,Matthew Perez,1040
20,BBA,Isabella Green,1041
21,CS,Joseph Carter,1042
21,CS,Abigail Young,1043
21,EE,Andrew Hill,1044
21,EE,Mia King,1045
21,AI,Alexander Scott,1046
21,AI,Charlotte Evans,1047
21,BBA,Daniel Turner,1048
21,BBA,Emily Moore,1049
22,CS,David Harris,1050
22,CS,Samantha Allen,1051
22,EE,Christopher Baker,1052
22,EE,Lily Wright,1053
22,AI,Matthew Nelson,1054
22,AI,Grace Robinson,1055
22,BBA,John Turner,1056
22,BBA,Olivia Ward,1057
19,CS,John Smith,1058
19,CS,Alice Johnson,1059
19,EE,Michael Brown,1060
19,EE,Emily Davis,1061
19,AI,James Wilson,1062
19,AI,Sarah Clark,1063
19,BBA,David Martinez,1064
19,BBA,Jessica Thompson,1065
20,CS,Robert Garcia,1066
20,CS,Emma White,1067
20,EE,Daniel Lee,1068
20,EE,Olivia Hall,1069
20,AI,William Rodriguez,1070
20,AI,Sophia Lopez,1071
20,BBA,Matthew Perez,1072
20,BBA,Isabella Green,1073
21,CS,Joseph Carter,1074
21,CS,Abigail Young,1075
21,EE,Andrew Hill,1076
21,EE,Mia King,1077
21,AI,Alexander Scott,1078
21,AI,Charlotte Evans,1079
21,BBA,Daniel Turner,1080
21,BBA,Emily Moore,1081
22,CS,David Harris,1082
22,CS,Samantha Allen,1083
22,EE,Christopher Baker,1084
19,CS,John Smith,1085
19,CS,Alice Johnson,1086
19,EE,Michael Brown,1087
19,EE,Emily Davis,1088
19,AI,James Wilson,1089
19,AI,Sarah Clark,1090
19,BBA,David Martinez,1091
19,BBA,Jessica Thompson,1092
20,CS,Robert Garcia,1093
20,CS,Emma White,1094
20,EE,Daniel Lee,1095
20,EE,Olivia Hall,1096
20,AI,William Rodriguez,1097
20,AI,Sophia Lopez,1098
20,BBA,Matthew Perez,1099
20,BBA,Isabella Green,1100
21,CS,Joseph Carter,1101
21,CS,Abigail Young,1102
21,EE,Andrew Hill,1103
21,EE,Mia King,1104
21,AI,Alexander Scott,1105
21,AI,Charlotte Evans,1106
21,BBA,Daniel Turner,1107
21,BBA,Emily Moore,1108
22,CS,David Harris,1109
22,CS,Samantha Allen,1110
22,EE,Christopher Baker,1111
22,EE,Lily Wright,1112
22,AI,Matthew Nelson,1113
22,AI,Grace Robinson,1114
22,BBA,John Turner,1115
22,BBA,Olivia Ward,1116
19,CS,John Smith,1117
19,CS,Alice Johnson,1118
19,EE,Michael Brown,1119
19,EE,Emily Davis,1120
19,AI,James Wilson,1121
19,AI,Sarah Clark,1122
19,BBA,David Martinez,1123
19,BBA,Jessica Thompson,1124
20,CS,Robert Garcia,1125
20,CS,Emma White,1126
20,EE,Daniel Lee,1127
20,EE,Olivia Hall,1128
20,AI,William Rodriguez,1129
20,AI,Sophia Lopez,1130
20,BBA,Matthew Perez,1131
20,BBA,Isabella Green,1132
21,CS,Joseph Carter,1133
21,CS,Abigail Young,1134
21,EE,Andrew Hill,1135
21,EE,Mia King,1136
21,AI,Alexander Scott,1137
21,AI,Charlotte Evans,1138
21,BBA,Daniel Turner,1139
21,BBA,Emily Moore,1140
22,CS,David Harris,1141
22,CS,Samantha Allen,1142
22,EE,Christopher Baker,1143
22,EE,Lily Wright,1144
22,AI,Matthew Nelson,1145
22,AI,Grace Robinson,1146
22,BBA,John Turner,1147
22,BBA,Olivia Ward,1148
19,CS,John Smith,1149
19,CS,Alice Johnson,1150
19,EE,Michael Brown,1151
19,EE,Emily Davis,1152
19,AI,James Wilson,1153
19,AI,Sarah Clark,1154
19,BBA,David Martinez,1155
19,BBA,Jessica Thompson,1156
20,CS,Robert Garcia,1157
20,CS,Emma White,1158
20,EE,Daniel Lee,1159
20,EE,Olivia Hall,1160
20,AI,William Rodriguez,1161
20,AI,Sophia Lopez,1162
20,BBA,Matthew Perez,1163
20,BBA,Isabella Green,1164
21,CS,Joseph Carter,1165
21,CS,Abigail Young,1166
21,EE,Andrew Hill,1167
21,EE,Mia King,1168
21,AI,Alexander Scott,1169
21,AI,Charlotte Evans,1170
21,BBA,Daniel Turner,1171
21,BBA,Emily Moore,1172
22,CS,David Harris,1173
22,CS,Samantha Allen,1174
22,EE,Christopher Baker,1175
22,EE,Lily Wright,1176
22,AI,Matthew Nelson,1177
22,AI,Grace Robinson,1178
22,BBA,John Turner,1179
22,BBA,Olivia Ward,1180
19,CS,John Smith,1181
19,CS,Alice Johnson,1182
19,EE,Michael Brown,1183
19,EE,Emily Davis,1184
19,AI,James Wilson,1185
19,AI,Sarah Clark,1186
19,BBA,David Martinez,1187
19,BBA,Jessica Thompson,1188
20,CS,Robert Garcia,1189
20,CS,Emma White,1190
20,EE,Daniel Lee,1191
20,EE,Olivia Hall,1192
20,AI,William Rodriguez,1193
20,AI,Sophia Lopez,1194
20,BBA,Matthew Perez,1195
20,BBA,Isabella Green,1196
21,CS,Joseph Carter,1197
21,CS,Abigail Young,1198
21,EE,Andrew Hill,1199
21,EE,Mia King,1200
21,AI,Alexander Scott,1201
21,AI,Charlotte Evans,1202
21,BBA,Daniel Turner,1203
21,BBA,Emily Moore,1204
22,CS,David Harris,1205
22,CS,Samantha Allen,1206
22,EE,Christopher Baker,1207
19,CS,John Smith,1208
19,CS,Alice Johnson,1209
19,EE,Michael Brown,1210
19,EE,Emily Davis,1211
19,AI,James Wilson,1212
19,AI,Sarah Clark,1213
19,BBA,David Martinez,1214
19,BBA,Jessica Thompson,1215
20,CS,Robert Garcia,1216
20,CS,Emma White,1217
20,EE,Daniel Lee,1218
20,EE,Olivia Hall,1219
20,AI,William Rodriguez,1220
20,AI,Sophia Lopez,1221
20,BBA,Matthew Perez,1222
20,BBA,Isabella Green,1223
21,CS,Joseph Carter,1224
21,CS,Abigail Young,1225
21,EE,Andrew Hill,1226
21,EE,Mia King,1227
21,AI,Alexander Scott,1228
21,AI,Charlotte Evans,1229
21,BBA,Daniel Turner,1230
21,BBA,Emily Moore,1231
22,CS,David Harris,1232
22,CS,Samantha Allen,1233
22,EE,Christopher Baker,1234
22,EE,Lily Wright,1235
22,AI,Matthew Nelson,1236
22,AI,Grace Robinson,1237
22,BBA,John Turner,1238
22,BBA,Olivia Ward,1239
19,CS,John Smith,1240
19,CS,Alice Johnson,1241
19,EE,Michael Brown,1242
19,EE,Emily Davis,1243
19,AI,James Wilson,1244
19,AI,Sarah Clark,1245
19,BBA,David Martinez,1246
19,BBA,Jessica Thompson,1247
20,CS,Robert Garcia,1248
20,CS,Emma White,1249
20,EE,Daniel Lee,1250
20,EE,Olivia Hall,1251
20,AI,William Rodriguez,1252
20,AI,Sophia Lopez,1253
20,BBA,Matthew Perez,1254
20,BBA,Isabella Green,1255
21,CS,Joseph Carter,1256
21,CS,Abigail Young,1257
21,EE,Andrew Hill,1258
21,EE,Mia King,1259
21,AI,Alexander Scott,1260
21,AI,Charlotte Evans,1261
21,BBA,Daniel Turner,1262
21,BBA,Emily Moore,1263
22,CS,David Harris,1264
22,CS,Samantha Allen,1265
22,EE,Christopher Baker,1266
22,EE,Lily Wright,1267
22,AI,Matthew Nelson,1268
22,AI,Grace Robinson,1269
22,BBA,John Turner,1270
22,BBA,Olivia Ward,1271
19,CS,John Smith,1272
19,CS,Alice Johnson,1273
19,EE,Michael Brown,1274
19,EE,Emily Davis,1275
19,AI,James Wilson,1276
19,AI,Sarah Clark,1277
19,BBA,David Martinez,1278
19,BBA,Jessica Thompson,1279
20,CS,Robert Garcia,1280
20,CS,Emma White,1281
20,EE,Daniel Lee,1282
20,EE,Olivia Hall,1283
20,AI,William Rodriguez,1284
20,AI,Sophia Lopez,1285
20,BBA,Matthew Perez,1286
20,BBA,Isabella Green,1287
21,CS,Joseph Carter,1288
21,CS,Abigail Young,1289
21,EE,Andrew Hill,1290
21,EE,Mia King,1291
21,AI,Alexander Scott,1292
21,AI,Charlotte Evans,1293
21,BBA,Daniel Turner,1294
21,BBA,Emily Moore,1295
22,CS,David Harris,1296
22,CS,Samantha Allen,1297
22,EE,Christopher Baker,1298
22,EE,Lily Wright,1299
22,AI,Matthew Nelson,1300
22,AI,Grace Robinson,1301
22,BBA,John Turner,1302
22,BBA,Olivia Ward,1303
19,CS,John Smith,1304
19,CS,Alice Johnson,1305
19,EE,Michael Brown,1306
19,EE,Emily Davis,1307
19,AI,James Wilson,1308
19,AI,Sarah Clark,1309
19,BBA,David Martinez,1310
19,BBA,Jessica Thompson,1311
20,CS,Robert Garcia,1312
20,CS,Emma White,1313
20,EE,Daniel Lee,1314
20,EE,Olivia Hall,1315
20,AI,William Rodriguez,1316
20,AI,Sophia Lopez,1317
20,BBA,Matthew Perez,1318
20,BBA,Isabella Green,1319
21,CS,Joseph Carter,1320
21,CS,Abigail Young,1321
21,EE,Andrew Hill,1322
21,EE,Mia King,1323
21,AI,Alexander Scott,1324
21,AI,Charlotte Evans,1325
21,BBA,Daniel Turner,1326
21,BBA,Emily Moore,1327
22,CS,David Harris,1328
22,CS,Samantha Allen,1329
22,EE,Christopher Baker,1330
19,CS,John Smith,1331
19,CS,Alice Johnson,1332
19,EE,Michael Brown,1333
19,EE,Emily Davis,1334
19,AI,James Wilson,1335
19,AI,Sarah Clark,1336
19,BBA,David Martinez,1337
19,BBA,Jessica Thompson,1338
20,CS,Robert Garcia,1339
20,CS,Emma White,1340
20,EE,Daniel Lee,1341
20,EE,Olivia Hall,1342
20,AI,William Rodriguez,1343
20,AI,Sophia Lopez,1344
20,BBA,Matthew Perez,1345
20,BBA,Isabella Green,1346
21,CS,Joseph Carter,1347
21,CS,Abigail Young,1348
21,EE,Andrew Hill,1349
21,EE,Mia King,1350
21,AI,Alexander Scott,1351
21,AI,Charlotte Evans,1352
21,BBA,Daniel Turner,1353
21,BBA,Emily Moore,1354
22,CS,David Harris,1355
22,CS,Samantha Allen,1356
22,EE,Christopher Baker,1357
22,EE,Lily Wright,1358
22,AI,Matthew Nelson,1359
22,AI,Grace Robinson,1360
22,BBA,John Turner,1361
22,BBA,Olivia Ward,1362
19,CS,John Smith,1363
19,CS,Alice Johnson,1364
19,EE,Michael Brown,1365
19,EE,Emily Davis,1366
19,AI,James Wilson,1367
19,AI,Sarah Clark,1368
19,BBA,David Martinez,1369
19,BBA,Jessica Thompson,1370
20,CS,Robert Garcia,1371
20,CS,Emma White,1372
20,EE,Daniel Lee,1373
20,EE,Olivia Hall,1374
20,AI,William Rodriguez,1375
20,AI,Sophia Lopez,1376
20,BBA,Matthew Perez,1377
20,BBA,Isabella Green,1378
21,CS,Joseph Carter,1379
21,CS,Abigail Young,1380
21,EE,Andrew Hill,1381
21,EE,Mia King,1382
21,AI,Alexander Scott,1383
21,AI,Charlotte Evans,1384
21,BBA,Daniel Turner,1385
21,BBA,Emily Moore,1386
22,CS,David Harris,1387
22,CS,Samantha Allen,1388
22,EE,Christopher Baker,1389
22,EE,Lily Wright,1390
22,AI,Matthew Nelson,1391
22,AI,Grace Robinson,1392
22,BBA,John Turner,1393
22,BBA,Olivia Ward,1394
19,CS,John Smith,1395
19,CS,Alice Johnson,1396
19,EE,Michael Brown,1397
19,EE,Emily Davis,1398
19,AI,James Wilson,1399
19,AI,Sarah Clark,1400
19,BBA,David Martinez,1401
19,BBA,Jessica Thompson,1402
20,CS,Robert Garcia,1403
20,CS,Emma White,1404
20,EE,Daniel Lee,1405
20,EE,Olivia Hall,1406
20,AI,William Rodriguez,1407
20,AI,Sophia Lopez,1408
20,BBA,Matthew Perez,1409
20,BBA,Isabella Green,1410
21,CS,Joseph Carter,1411
21,CS,Abigail Young,1412
21,EE,Andrew Hill,1413
21,EE,Mia King,1414
21,AI,Alexander Scott,1415
21,AI,Charlotte Evans,1416
21,BBA,Daniel Turner,1417
21,BBA,Emily Moore,1418
22,CS,David Harris,1419
22,CS,Samantha Allen,1420
22,EE,Christopher Baker,1421
22,EE,Lily Wright,1422
22,AI,Matthew Nelson,1423
22,AI,Grace Robinson,1424
22,BBA,John Turner,1425
22,BBA,Olivia Ward,1426
19,CS,John Smith,1427
19,CS,Alice Johnson,1428
19,EE,Michael Brown,1429
19,EE,Emily Davis,1430
19,AI,James Wilson,1431
19,AI,Sarah Clark,1432
19,BBA,David Martinez,1433
19,BBA,Jessica Thompson,1434
20,CS,Robert Garcia,1435
20,CS,Emma White,1436
20,EE,Daniel Lee,1437
20,EE,Olivia Hall,1438
20,AI,William Rodriguez,1439
20,AI,Sophia Lopez,1440
20,BBA,Matthew Perez,1441
20,BBA,Isabella Green,1442
21,CS,Joseph Carter,1443
21,CS,Abigail Young,1444
21,EE,Andrew Hill,1445
21,EE,Mia King,1446
21,AI,Alexander Scott,1447
21,AI,Charlotte Evans,1448
21,BBA,Daniel Turner,1449
21,BBA,Emily Moore,1450
22,CS,David Harris,1451
22,CS,Samantha Allen,1452
22,EE,Christopher Baker,1453
19,CS,John Smith,1454
19,CS,Alice Johnson,1455
19,EE,Michael Brown,1456
19,EE,Emily Davis,1457
19,AI,James Wilson,1458
19,AI,Sarah Clark,1459
19,BBA,David Martinez,1460
19,BBA,Jessica Thompson,1461
20,CS,Robert Garcia,1462
20,CS,Emma White,1463
20,EE,Daniel Lee,1464
20,EE,Olivia Hall,1465
20,AI,William Rodriguez,1466
20,AI,Sophia Lopez,1467
20,BBA,Matthew Perez,1468
20,BBA,Isabella Green,1469
21,CS,Joseph Carter,1470
21,CS,Abigail Young,1471
21,EE,Andrew Hill,1472
21,EE,Mia King,1473
21,AI,Alexander Scott,1474
21,AI,Charlotte Evans,1475
21,BBA,Daniel Turner,1476
21,BBA,Emily Moore,1477
22,CS,David Harris,1478
22,CS,Samantha Allen,1479
22,EE,Christopher Baker,1480
22,EE,Lily Wright,1481
22,AI,Matthew Nelson,1482
22,AI,Grace Robinson,1483
22,BBA,John Turner,1484
22,BBA,Olivia Ward,1485
19,CS,John Smith,1486
19,CS,Alice Johnson,1487
19,EE,Michael Brown,1488
19,EE,Emily Davis,1489
19,AI,James Wilson,1490
19,AI,Sarah Clark,1491
19,BBA,David Martinez,1492
19,BBA,Jessica Thompson,1493
20,CS,Robert Garcia,1494
20,CS,Emma White,1495
20,EE,Daniel Lee,1496
20,EE,Olivia Hall,1497
20,AI,William Rodriguez,1498
20,AI,Sophia Lopez,1499
20,BBA,Matthew Perez,1500
20,BBA,Isabella Green,1501
21,CS,Joseph Carter,1502
21,CS,Abigail Young,1503
21,EE,Andrew Hill,1504
21,EE,Mia King,1505
21,AI,Alexander Scott,1506
21,AI,Charlotte Evans,1507
21,BBA,Daniel Turner,1508
21,BBA,Emily Moore,1509
22,CS,David Harris,1510
22,CS,Samantha Allen,1511
22,EE,Christopher Baker,1512
22,EE,Lily Wright,1513
22,AI,Matthew Nelson,1514
22,AI,Grace Robinson,1515
22,BBA,John Turner,1516
22,BBA,Olivia Ward,1517
19,CS,John Smith,1518
19,CS,Alice Johnson,1519
19,EE,Michael Brown,1520
19,EE,Emily Davis,1521
19,AI,James Wilson,1522
19,AI,Sarah Clark,1523
19,BBA,David Martinez,1524
19,BBA,Jessica Thompson,1525
20,CS,Robert Garcia,1526
20,CS,Emma White,1527
20,EE,Daniel Lee,1528
20,EE,Olivia Hall,1529
20,AI,William Rodriguez,1530
20,AI,Sophia Lopez,1531
20,BBA,Matthew Perez,1532
20,BBA,Isabella Green,1533
21,CS,Joseph Carter,1534
21,CS,Abigail Young,1535
21,EE,Andrew Hill,1536
21,EE,Mia King,1537
21,AI,Alexander Scott,1538
21,AI,Charlotte Evans,1539
21,BBA,Daniel Turner,1540
21,BBA,Emily Moore,1541
22,CS,David Harris,1542
22,CS,Samantha Allen,1543
22,EE,Christopher Baker,1544
22,EE,Lily Wright,1545
22,AI,Matthew Nelson,1546
22,AI,Grace Robinson,1547
22,BBA,John Turner,1548
22,BBA,Olivia Ward,1549
19,CS,John Smith,1550
19,CS,Alice Johnson,1551
19,EE,Michael Brown,1552
19,EE,Emily Davis,1553
19,AI,James Wilson,1554
19,AI,Sarah Clark,1555
19,BBA,David Martinez,1556
19,BBA,Jessica Thompson,1557
20,CS,Robert Garcia,1558
20,CS,Emma White,1559
20,EE,Daniel Lee,1560
20,EE,Olivia Hall,1561
20,AI,William Rodriguez,1562
20,AI,Sophia Lopez,1563
20,BBA,Matthew Perez,1564
20,BBA,Isabella Green,1565
21,CS,Joseph Carter,1566
21,CS,Abigail Young,1567
21,EE,Andrew Hill,1568
21,EE,Mia King,1569
21,AI,Alexander Scott,1570
21,AI,Charlotte Evans,1571
21,BBA,Daniel Turner,1572
21,BBA,Emily Moore,1573
22,CS,David Harris,1574
22,CS,Samantha Allen,1575
22,EE,Christopher Baker,1576
19,CS,John Smith,1577
19,CS,Alice Johnson,1578
19,EE,Michael Brown,1579
19,EE,Emily Davis,1580
19,AI,James Wilson,1581
19,AI,Sarah Clark,1582
19,BBA,David Martinez,1583
19,BBA,Jessica Thompson,1584
20,CS,Robert Garcia,1585
20,CS,Emma White,1586
20,EE,Daniel Lee,1587
20,EE,Olivia Hall,1588
20,AI,William Rodriguez,1589
20,AI,Sophia Lopez,1590
20,BBA,Matthew Perez,1591
20,BBA,Isabella Green,1592
21,CS,Joseph Carter,1593
21,CS,Abigail Young,1594
21,EE,Andrew Hill,1595
21,EE,Mia King,1596
21,AI,Alexander Scott,1597
21,AI,Charlotte Evans,1598
21,BBA,Daniel Turner,1599
21,BBA,Emily Moore,1600
22,CS,David Harris,1601
22,CS,Samantha Allen,1602
22,EE,Christopher Baker,1603
22,EE,Lily Wright,1604
22,AI,Matthew Nelson,1605
22,AI,Grace Robinson,1606
22,BBA,John Turner,1607
22,BBA,Olivia Ward,1608
19,CS,John Smith,1609
19,CS,Alice Johnson,1610
19,EE,Michael Brown,1611
19,EE,Emily Davis,1612
19,AI,James Wilson,1613
19,AI,Sarah Clark,1614
19,BBA,David Martinez,1615
19,BBA,Jessica Thompson,1616
20,CS,Robert Garcia,1617
20,CS,Emma White,1618
20,EE,Daniel Lee,1619
20,EE,Olivia Hall,1620
20,AI,William Rodriguez,1621
20,AI,Sophia Lopez,1622
20,BBA,Matthew Perez,1623
20,BBA,Isabella Green,1624
21,CS,Joseph Carter,1625
21,CS,Abigail Young,1626
21,EE,Andrew Hill,1627
21,EE,Mia King,1628
21,AI,Alexander Scott,1629
21,AI,Charlotte Evans,1630
21,BBA,Daniel Turner,1631
21,BBA,Emily Moore,1632
22,CS,David Harris,1633
22,CS,Samantha Allen,1634
22,EE,Christopher Baker,1635
22,EE,Lily Wright,1636
22,AI,Matthew Nelson,1637
22,AI,Grace Robinson,1638
22,BBA,John Turner,1639
22,BBA,Olivia Ward,1640
19,CS,John Smith,1641
19,CS,Alice Johnson,1642
19,EE,Michael Brown,1643
19,EE,Emily Davis,1644
19,AI,James Wilson,1645
19,AI,Sarah Clark,1646
19,BBA,David Martinez,1647
19,BBA,Jessica Thompson,1648
20,CS,Robert Garcia,1649
20,CS,Emma White,1650
20,EE,Daniel Lee,1651
20,EE,Olivia Hall,1652
20,AI,William Rodriguez,1653
20,AI,Sophia Lopez,1654
20,BBA,Matthew Perez,1655
20,BBA,Isabella Green,1656
21,CS,Joseph Carter,1657
21,CS,Abigail Young,1658
21,EE,Andrew Hill,1659
21,EE,Mia King,1660
21,AI,Alexander Scott,1661
21,AI,Charlotte Evans,1662
21,BBA,Daniel Turner,1663
21,BBA,Emily Moore,1664
22,CS,David Harris,1665
22,CS,Samantha Allen,1666
22,EE,Christopher Baker,1667
22,EE,Lily Wright,1668
22,AI,Matthew Nelson,1669
22,AI,Grace Robinson,1670
22,BBA,John Turner,1671
22,BBA,Olivia Ward,1672
19,CS,John Smith,1673
19,CS,Alice Johnson,1674
19,EE,Michael Brown,1675
19,EE,Emily Davis,1676
19,AI,James Wilson,1677
19,AI,Sarah Clark,1678
19,BBA,David Martinez,1679
19,BBA,Jessica Thompson,1680
20,CS,Robert Garcia,1681
20,CS,Emma White,1682
20,EE,Daniel Lee,1683
20,EE,Olivia Hall,1684
20,AI,William Rodriguez,1685
20,AI,Sophia Lopez,1686
20,BBA,Matthew Perez,1687
20,BBA,Isabella Green,1688
21,CS,Joseph Carter,1689
21,CS,Abigail Young,1690
21,EE,Andrew Hill,1691
21,EE,Mia King,1692
21,AI,Alexander Scott,1693
21,AI,Charlotte Evans,1694
21,BBA,Daniel Turner,1695
21,BBA,Emily Moore,1696
22,CS,David Harris,1697
22,CS,Samantha Allen,1698
22,EE,Christopher Baker,1699
19,CS,John Smith,1700
19,CS,Alice Johnson,1701
19,EE,Michael Brown,1702
19,EE,Emily Davis,1703
19,AI,James Wilson,1704
19,AI,Sarah Clark,1705
19,BBA,David Martinez,1706
19,BBA,Jessica Thompson,1707
20,CS,Robert Garcia,1708
20,CS,Emma White,1709
20,EE,Daniel Lee,1710
20,EE,Olivia Hall,1711
20,AI,William Rodriguez,1712
20,AI,Sophia Lopez,1713
20,BBA,Matthew Perez,1714
20,BBA,Isabella Green,1715
21,CS,Joseph Carter,1716
21,CS,Abigail Young,1717
21,EE,Andrew Hill,1718
21,EE,Mia King,1719
21,AI,Alexander Scott,1720
21,AI,Charlotte Evans,1721
21,BBA,Daniel Turner,1722
21,BBA,Emily Moore,1723
22,CS,David Harris,1724
22,CS,Samantha Allen,1725
22,EE,Christopher Baker,1726
22,EE,Lily Wright,1727
22,AI,Matthew Nelson,1728
22,AI,Grace Robinson,1729
22,BBA,John Turner,1730
22,BBA,Olivia Ward,1731
19,CS,John Smith,1732
19,CS,Alice Johnson,1733
19,EE,Michael Brown,1734
19,EE,Emily Davis,1735
19,AI,James Wilson,1736
19,AI,Sarah Clark,1737
19,BBA,David Martinez,1738
19,BBA,Jessica Thompson,1739
20,CS,Robert Garcia,1740
20,CS,Emma White,1741
20,EE,Daniel Lee,1742
20,EE,Olivia Hall,1743
20,AI,William Rodriguez,1744
20,AI,Sophia Lopez,1745
20,BBA,Matthew Perez,1746
20,BBA,Isabella Green,1747
21,CS,Joseph Carter,1748
21,CS,Abigail Young,1749
21,EE,Andrew Hill,1750
21,EE,Mia King,1751
21,AI,Alexander Scott,1752
21,AI,Charlotte Evans,1753
21,BBA,Daniel Turner,1754
21,BBA,Emily Moore,1755
22,CS,David Harris,1756
22,CS,Samantha Allen,1757
22,EE,Christopher Baker,1758
22,EE,Lily Wright,1759
22,AI,Matthew Nelson,1760
22,AI,Grace Robinson,1761
22,BBA,John Turner,1762
22,BBA,Olivia Ward,1763
19,CS,John Smith,1764
19,CS,Alice Johnson,1765
19,EE,Michael Brown,1766
19,EE,Emily Davis,1767
19,AI,James Wilson,1768
19,AI,Sarah Clark,1769
19,BBA,David Martinez,1770
19,BBA,Jessica Thompson,1771
20,CS,Robert Garcia,1772
20,CS,Emma White,1773
20,EE,Daniel Lee,1774
20,EE,Olivia Hall,1775
20,AI,William Rodriguez,1776
20,AI,Sophia Lopez,1777
20,BBA,Matthew Perez,1778
20,BBA,Isabella Green,1779
21,CS,Joseph Carter,1780
21,CS,Abigail Young,1781
21,EE,Andrew Hill,1782
21,EE,Mia King,1783
21,AI,Alexander Scott,1784
21,AI,Charlotte Evans,1785
21,BBA,Daniel Turner,1786
21,BBA,Emily Moore,1787
22,CS,David Harris,1788
22,CS,Samantha Allen,1789
22,EE,Christopher Baker,1790
22,EE,Lily Wright,1791
22,AI,Matthew Nelson,1792
22,AI,Grace Robinson,1793
22,BBA,John Turner,1794
22,BBA,Olivia Ward,1795
19,CS,John Smith,1796
19,CS,Alice Johnson,1797
19,EE,Michael Brown,1798
19,EE,Emily Davis,1799
19,AI,James Wilson,1800
19,AI,Sarah Clark,1801
19,BBA,David Martinez,1802
19,BBA,Jessica Thompson,1803
20,CS,Robert Garcia,1804
20,CS,Emma White,1805
20,EE,Daniel Lee,1806
20,EE,Olivia Hall,1807
20,AI,William Rodriguez,1808
20,AI,Sophia Lopez,1809
20,BBA,Matthew Perez,1810
20,BBA,Isabella Green,1811
21,CS,Joseph Carter,1812
21,CS,Abigail Young,1813
21,EE,Andrew Hill,1814
21,EE,Mia King,1815
21,AI,Alexander Scott,1816
21,AI,Charlotte Evans,1817
21,BBA,Daniel Turner,1818
21,BBA,Emily Moore,1819
22,CS,David Harris,1820
22,CS,Samantha Allen,1821
22,EE,Christopher Baker,1822
19,CS,John Smith,1823
19,CS,Alice Johnson,1824
19,EE,Michael Brown,1825
19,EE,Emily Davis,1826
19,AI,James Wilson,1827
19,AI,Sarah Clark,1828
19,BBA,David Martinez,1829
19,BBA,Jessica Thompson,1830
20,CS,Robert Garcia,1831
20,CS,Emma White,1832
20,EE,Daniel Lee,1833
20,EE,Olivia Hall,1834
20,AI,William Rodriguez,1835
20,AI,Sophia Lopez,1836
20,BBA,Matthew Perez,1837
20,BBA,Isabella Green,1838
21,CS,Joseph Carter,1839
21,CS,Abigail Young,1840
21,EE,Andrew Hill,1841
21,EE,Mia King,1842
21,AI,Alexander Scott,1843
21,AI,Charlotte Evans,1844
21,BBA,Daniel Turner,1845
21,BBA,Emily Moore,1846
22,CS,David Harris,1847
22,CS,Samantha Allen,1848
22,EE,Christopher Baker,1849
22,EE,Lily Wright,1850
22,AI,Matthew Nelson,1851
22,AI,Grace Robinson,1852
22,BBA,John Turner,1853
22,BBA,Olivia Ward,1854
19,CS,John Smith,1855
19,CS,Alice Johnson,1856
19,EE,Michael Brown,1857
19,EE,Emily Davis,1858
19,AI,James Wilson,1859
19,AI,Sarah Clark,1860
19,BBA,David Martinez,1861
19,BBA,Jessica Thompson,1862
20,CS,Robert Garcia,1863
20,CS,Emma White,1864
20,EE,Daniel Lee,1865
20,EE,Olivia Hall,1866
20,AI,William Rodriguez,1867
20,AI,Sophia Lopez,1868
20,BBA,Matthew Perez,1869
20,BBA,Isabella Green,1870
21,CS,Joseph Carter,1871
21,CS,Abigail Young,1872
21,EE,Andrew Hill,1873
21,EE,Mia King,1874
21,AI,Alexander Scott,1875
21,AI,Charlotte Evans,1876
21,BBA,Daniel Turner,1877
21,BBA,Emily Moore,1878
22,CS,David Harris,1879
22,CS,Samantha Allen,1880
22,EE,Christopher Baker,1881
22,EE,Lily Wright,1882
22,AI,Matthew Nelson,1883
22,AI,Grace Robinson,1884
22,BBA,John Turner,1885
22,BBA,Olivia Ward,1886
19,CS,John Smith,1887
19,CS,Alice Johnson,1888
19,EE,Michael Brown,1889
19,EE,Emily Davis,1890
19,AI,James Wilson,1891
19,AI,Sarah Clark,1892
19,BBA,David Martinez,1893
19,BBA,Jessica Thompson,1894
20,CS,Robert Garcia,1895
20,CS,Emma White,1896
20,EE,Daniel Lee,1897
20,EE,Olivia Hall,1898
20,AI,William Rodriguez,1899
20,AI,Sophia Lopez,1900
20,BBA,Matthew Perez,1901
20,BBA,Isabella Green,1902
21,CS,Joseph Carter,1903
21,CS,Abigail Young,1904
21,EE,Andrew Hill,1905
21,EE,Mia King,1906
21,AI,Alexander Scott,1907
21,AI,Charlotte Evans,1908
21,BBA,Daniel Turner,1909
21,BBA,Emily Moore,1910
22,CS,David Harris,1911
22,CS,Samantha Allen,1912
22,EE,Christopher Baker,1913
22,EE,Lily Wright,1914
22,AI,Matthew Nelson,1915
22,AI,Grace Robinson,1916
22,BBA,John Turner,1917
22,BBA,Olivia Ward,1918
19,CS,John Smith,1919
19,CS,Alice Johnson,1920
19,EE,Michael Brown,1921
19,EE,Emily Davis,1922
19,AI,James Wilson,1923
19,AI,Sarah Clark,1924
19,BBA,David Martinez,1925
19,BBA,Jessica Thompson,1926
20,CS,Robert Garcia,1927
20,CS,Emma White,1928
20,EE,Daniel Lee,1929
20,EE,Olivia Hall,1930
20,AI,William Rodriguez,1931
20,AI,Sophia Lopez,1932
20,BBA,Matthew Perez,1933
20,BBA,Isabella Green,1934
21,CS,Joseph Carter,1935
21,CS,Abigail Young,1936
21,EE,Andrew Hill,1937
21,EE,Mia King,1938
21,AI,Alexander Scott,1939
21,AI,Charlotte Evans,1940
21,BBA,Daniel Turner,1941
21,BBA,Emily Moore,1942
22,CS,David Harris,1943
22,CS,Samantha Allen,1944
22,EE,Christopher Baker,1945
19,CS,John Smith,1946
19,CS,Alice Johnson,1947
19,EE,Michael Brown,1948
19,EE,Emily Davis,1949
19,AI,James Wilson,1950
19,AI,Sarah Clark,1951
19,BBA,David Martinez,1952
19,BBA,Jessica Thompson,1953
20,CS,Robert Garcia,1954
20,CS,Emma White,1955
20,EE,Daniel Lee,1956
20,EE,Olivia Hall,1957
20,AI,William Rodriguez,1958
20,AI,Sophia Lopez,1959
20,BBA,Matthew Perez,1960
20,BBA,Isabella Green,1961
21,CS,Joseph Carter,1962
21,CS,Abigail Young,1963
21,EE,Andrew Hill,1964
21,EE,Mia King,1965
21,AI,Alexander Scott,1966
21,AI,Charlotte Evans,1967
21,BBA,Daniel Turner,1968
21,BBA,Emily Moore,1969
22,CS,David Harris,1970
22,CS,Samantha Allen,1971
22,EE,Christopher Baker,1972
22,EE,Lily Wright,1973
22,AI,Matthew Nelson,1974
22,AI,Grace Robinson,1975
22,BBA,John Turner,1976
22,BBA,Olivia Ward,1977
19,CS,John Smith,1978
19,CS,Alice Johnson,1979
19,EE,Michael Brown,1980
19,EE,Emily Davis,1981
19,AI,James Wilson,1982
19,AI,Sarah Clark,1983
19,BBA,David Martinez,1984
19,BBA,Jessica Thompson,1985
20,CS,Robert Garcia,1986
20,CS,Emma White,1987
20,EE,Daniel Lee,1988
20,EE,Olivia Hall,1989
20,AI,William Rodriguez,1990
20,AI,Sophia Lopez,1991
20,BBA,Matthew Perez,1992
20,BBA,Isabella Green,1993
21,CS,Joseph Carter,1994
21,CS,Abigail Young,1995
21,EE,Andrew Hill,1996
21,EE,Mia King,1997
21,AI,Alexander Scott,1998
21,AI,Charlotte Evans,1999
21,BBA,Daniel Turner,2000
21,BBA,Emily Moore,2001
22,CS,David Harris,2002
22,CS,Samantha Allen,2003
22,EE,Christopher Baker,2004
22,EE,Lily Wright,2005
22,AI,Matthew Nelson,2006
22,AI,Grace Robinson,2007
22,BBA,John Turner,2008
22,BBA,Olivia Ward,2009
19,CS,John Smith,2010
19,CS,Alice Johnson,2011
19,EE,Michael Brown,2012
19,EE,Emily Davis,2013
19,AI,James Wilson,2014
19,AI,Sarah Clark,2015
19,BBA,David Martinez,2016
19,BBA,Jessica Thompson,2017
20,CS,Robert Garcia,2018
20,CS,Emma White,2019
20,EE,Daniel Lee,2020
20,EE,Olivia Hall,2021
20,AI,William Rodriguez,2022
20,AI,Sophia Lopez,2023
20,BBA,Matthew Perez,2024
20,BBA,Isabella Green,2025
21,CS,Joseph Carter,2026
21,CS,Abigail Young,2027
21,EE,Andrew Hill,2028
21,EE,Mia King,2029
21,AI,Alexander Scott,2030
21,AI,Charlotte Evans,2031
21,BBA,Daniel Turner,2032
21,BBA,Emily Moore,2033
22,CS,David Harris,2034
22,CS,Samantha Allen,2035
22,EE,Christopher Baker,2036
22,EE,Lily Wright,2037
22,AI,Matthew Nelson,2038
22,AI,Grace Robinson,2039
22,BBA,John Turner,2040
22,BBA,Olivia Ward,2041
19,CS,John Smith,2042
19,CS,Alice Johnson,2043
19,EE,Michael Brown,2044
19,EE,Emily Davis,2045
19,AI,James Wilson,2046
19,AI,Sarah Clark,2047
19,BBA,David Martinez,2048
19,BBA,Jessica Thompson,2049
20,CS,Robert Garcia,2050
20,CS,Emma White,2051
20,EE,Daniel Lee,2052
20,EE,Olivia Hall,2053
20,AI,William Rodriguez,2054
20,AI,Sophia Lopez,2055
20,BBA,Matthew Perez,2056
20,BBA,Isabella Green,2057
21,CS,Joseph Carter,2058
21,CS,Abigail Young,2059
21,EE,Andrew Hill,2060
21,EE,Mia King,2061
21,AI,Alexander Scott,2062
21,AI,Charlotte Evans,2063
21,BBA,Daniel Turner,2064
21,BBA,Emily Moore,2065
22,CS,David Harris,2066
22,CS,Samantha Allen,2067
22,EE,Christopher Baker,2068
19,CS,John Smith,2069
19,CS,Alice Johnson,2070
19,EE,Michael Brown,2071
19,EE,Emily Davis,2072
19,AI,James Wilson,2073
19,AI,Sarah Clark,2074
19,BBA,David Martinez,2075
19,BBA,Jessica Thompson,2076
20,CS,Robert Garcia,2077
20,CS,Emma White,2078
20,EE,Daniel Lee,2079
20,EE,Olivia Hall,2080
20,AI,William Rodriguez,2081
20,AI,Sophia Lopez,2082
20,BBA,Matthew Perez,2083
20,BBA,Isabella Green,2084
21,CS,Joseph Carter,2085
21,CS,Abigail Young,2086
21,EE,Andrew Hill,2087
21,EE,Mia King,2088
21,AI,Alexander Scott,2089
21,AI,Charlotte Evans,2090
21,BBA,Daniel Turner,2091
21,BBA,Emily Moore,2092
22,CS,David Harris,2093
22,CS,Samantha Allen,2094
22,EE,Christopher Baker,2095
22,EE,Lily Wright,2096
22,AI,Matthew Nelson,2097
22,AI,Grace Robinson,2098
22,BBA,John Turner,2099
22,BBA,Olivia Ward,2100
19,CS,John Smith,2101
19,CS,Alice Johnson,2102
19,EE,Michael Brown,2103
19,EE,Emily Davis,2104
19,AI,James Wilson,2105
19,AI,Sarah Clark,2106
19,BBA,David Martinez,2107
19,BBA,Jessica Thompson,2108
20,CS,Robert Garcia,2109
20,CS,Emma White,2110
20,EE,Daniel Lee,2111
20,EE,Olivia Hall,2112
20,AI,William Rodriguez,2113
20,AI,Sophia Lopez,2114
20,BBA,Matthew Perez,2115
20,BBA,Isabella Green,2116
21,CS,Joseph Carter,2117
21,CS,Abigail Young,2118
21,EE,Andrew Hill,2119
21,EE,Mia King,2120
21,AI,Alexander Scott,2121
21,AI,Charlotte Evans,2122
21,BBA,Daniel Turner,2123
21,BBA,Emily Moore,2124
22,CS,David Harris,2125
22,CS,Samantha Allen,2126
22,EE,Christopher Baker,2127
22,EE,Lily Wright,2128
22,AI,Matthew Nelson,2129
22,AI,Grace Robinson,2130
22,BBA,John Turner,2131
22,BBA,Olivia Ward,2132
19,CS,John Smith,2133
19,CS,Alice Johnson,2134
19,EE,Michael Brown,2135
19,EE,Emily Davis,2136
19,AI,James Wilson,2137
19,AI,Sarah Clark,2138
19,BBA,David Martinez,2139
19,BBA,Jessica Thompson,2140
20,CS,Robert Garcia,2141
20,CS,Emma White,2142
20,EE,Daniel Lee,2143
20,EE,Olivia Hall,2144
20,AI,William Rodriguez,2145
20,AI,Sophia Lopez,2146
20,BBA,Matthew Perez,2147
20,BBA,Isabella Green,2148
21,CS,Joseph Carter,2149
21,CS,Abigail Young,2150
21,EE,Andrew Hill,2151
21,EE,Mia King,2152
21,AI,Alexander Scott,2153
21,AI,Charlotte Evans,2154
21,BBA,Daniel Turner,2155
21,BBA,Emily Moore,2156
22,CS,David Harris,2157
22,CS,Samantha Allen,2158
22,EE,Christopher Baker,2159
22,EE,Lily Wright,2160
22,AI,Matthew Nelson,2161
22,AI,Grace Robinson,2162
22,BBA,John Turner,2163
22,BBA,Olivia Ward,2164
19,CS,John Smith,2165
19,CS,Alice Johnson,2166
19,EE,Michael Brown,2167
19,EE,Emily Davis,2168
19,AI,James Wilson,2169
19,AI,Sarah Clark,2170
19,BBA,David Martinez,2171
19,BBA,Jessica Thompson,2172
20,CS,Robert Garcia,2173
20,CS,Emma White,2174
20,EE,Daniel Lee,2175
20,EE,Olivia Hall,2176
20,AI,William Rodriguez,2177
20,AI,Sophia Lopez,2178
20,BBA,Matthew Perez,2179
20,BBA,Isabella Green,2180
21,CS,Joseph Carter,2181
21,CS,Abigail Young,2182
21,EE,Andrew Hill,2183
21,EE,Mia King,2184
21,AI,Alexander Scott,2185
21,AI,Charlotte Evans,2186
21,BBA,Daniel Turner,2187
21,BBA,Emily Moore,2188
22,CS,David Harris,2189
22,CS,Samantha Allen,2190
22,EE,Christopher Baker,2191
19,CS,John Smith,2192
19,CS,Alice Johnson,2193
19,EE,Michael Brown,2194
19,EE,Emily Davis,2195
19,AI,James Wilson,2196
19,AI,Sarah Clark,2197
19,BBA,David Martinez,2198
19,BBA,Jessica Thompson,2199
20,CS,Robert Garcia,2200
20,CS,Emma White,2201
20,EE,Daniel Lee,2202
20,EE,Olivia Hall,2203
20,AI,William Rodriguez,2204
20,AI,Sophia Lopez,2205
20,BBA,Matthew Perez,2206
20,BBA,Isabella Green,2207
21,CS,Joseph Carter,2208
21,CS,Abigail Young,2209
21,EE,Andrew Hill,2210
21,EE,Mia King,2211
21,AI,Alexander Scott,2212
21,AI,Charlotte Evans,2213
21,BBA,Daniel Turner,2214
21,BBA,Emily Moore,2215
22,CS,David Harris,2216
22,CS,Samantha Allen,2217
22,EE,Christopher Baker,2218
22,EE,Lily Wright,2219
22,AI,Matthew Nelson,2220
22,AI,Grace Robinson,2221
22,BBA,John Turner,2222
22,BBA,Olivia Ward,2223
19,CS,John Smith,2224
19,CS,Alice Johnson,2225
19,EE,Michael Brown,2226
19,EE,Emily Davis,2227
19,AI,James Wilson,2228
19,AI,Sarah Clark,2229
19,BBA,David Martinez,2230
19,BBA,Jessica Thompson,2231
20,CS,Robert Garcia,2232
20,CS,Emma White,2233
20,EE,Daniel Lee,2234
20,EE,Olivia Hall,2235
20,AI,William Rodriguez,2236
20,AI,Sophia Lopez,2237
20,BBA,Matthew Perez,2238
20,BBA,Isabella Green,2239
21,CS,Joseph Carter,2240
21,CS,Abigail Young,2241
21,EE,Andrew Hill,2242
21,EE,Mia King,2243
21,AI,Alexander Scott,2244
21,AI,Charlotte Evans,2245
21,BBA,Daniel Turner,2246
21,BBA,Emily Moore,2247
22,CS,David Harris,2248
22,CS,Samantha Allen,2249
22,EE,Christopher Baker,2250
22,EE,Lily Wright,2251
22,AI,Matthew Nelson,2252
22,AI,Grace Robinson,2253
22,BBA,John Turner,2254
22,BBA,Olivia Ward,2255
19,CS,John Smith,2256
19,CS,Alice Johnson,2257
19,EE,Michael Brown,2258
19,EE,Emily Davis,2259
19,AI,James Wilson,2260
19,AI,Sarah Clark,2261
19,BBA,David Martinez,2262
19,BBA,Jessica Thompson,2263
20,CS,Robert Garcia,2264
20,CS,Emma White,2265
20,EE,Daniel Lee,2266
20,EE,Olivia Hall,2267
20,AI,William Rodriguez,2268
20,AI,Sophia Lopez,2269
20,BBA,Matthew Perez,2270
20,BBA,Isabella Green,2271
21,CS,Joseph Carter,2272
21,CS,Abigail Young,2273
21,EE,Andrew Hill,2274
21,EE,Mia King,2275
21,AI,Alexander Scott,2276
21,AI,Charlotte Evans,2277
21,BBA,Daniel Turner,2278
21,BBA,Emily Moore,2279
22,CS,David Harris,2280
22,CS,Samantha Allen,2281
22,EE,Christopher Baker,2282
22,EE,Lily Wright,2283
22,AI,Matthew Nelson,2284
22,AI,Grace Robinson,2285
22,BBA,John Turner,2286
22,BBA,Olivia Ward,2287
19,CS,John Smith,2288
19,CS,Alice Johnson,2289
19,EE,Michael Brown,2290
19,EE,Emily Davis,2291
19,AI,James Wilson,2292
19,AI,Sarah Clark,2293
19,BBA,David Martinez,2294
19,BBA,Jessica Thompson,2295
20,CS,Robert Garcia,2296
20,CS,Emma White,2297
20,EE,Daniel Lee,2298
20,EE,Olivia Hall,2299
20,AI,William Rodriguez,2300
20,AI,Sophia Lopez,2301
20,BBA,Matthew Perez,2302
20,BBA,Isabella Green,2303
21,CS,Joseph Carter,2304
21,CS,Abigail Young,2305
21,EE,Andrew Hill,2306
21,EE,Mia King,2307
21,AI,Alexander Scott,2308
21,AI,Charlotte Evans,2309
21,BBA,Daniel Turner,2310
21,BBA,Emily Moore,2311
22,CS,David Harris,2312
22,CS,Samantha Allen,2313
22,EE,Christopher Baker,2314
19,CS,John Smith,2315
19,CS,Alice Johnson,2316
19,EE,Michael Brown,2317
19,EE,Emily Davis,2318
19,AI,James Wilson,2319
19,AI,Sarah Clark,2320
19,BBA,David Martinez,2321
19,BBA,Jessica Thompson,2322
20,CS,Robert Garcia,2323
20,CS,Emma White,2324
20,EE,Daniel Lee,2325
20,EE,Olivia Hall,2326
20,AI,William Rodriguez,2327
20,AI,Sophia Lopez,2328
20,BBA,Matthew Perez,2329
20,BBA,Isabella Green,2330
21,CS,Joseph Carter,2331
21,CS,Abigail Young,2332
21,EE,Andrew Hill,2333
21,EE,Mia King,2334
21,AI,Alexander Scott,2335
21,AI,Charlotte Evans,2336
21,BBA,Daniel Turner,2337
21,BBA,Emily Moore,2338
22,CS,David Harris,2339
22,CS,Samantha Allen,2340
22,EE,Christopher Baker,2341
22,EE,Lily Wright,2342
22,AI,Matthew Nelson,2343
22,AI,Grace Robinson,2344
22,BBA,John Turner,2345
22,BBA,Olivia Ward,2346
19,CS,John Smith,2347
19,CS,Alice Johnson,2348
19,EE,Michael Brown,2349
19,EE,Emily Davis,2350
19,AI,James Wilson,2351
19,AI,Sarah Clark,2352
19,BBA,David Martinez,2353
19,BBA,Jessica Thompson,2354
20,CS,Robert Garcia,2355
20,CS,Emma White,2356
20,EE,Daniel Lee,2357
20,EE,Olivia Hall,2358
20,AI,William Rodriguez,2359
20,AI,Sophia Lopez,2360
20,BBA,Matthew Perez,2361
20,BBA,Isabella Green,2362
21,CS,Joseph Carter,2363
21,CS,Abigail Young,2364
21,EE,Andrew Hill,2365
21,EE,Mia King,2366
21,AI,Alexander Scott,2367
21,AI,Charlotte Evans,2368
21,BBA,Daniel Turner,2369
21,BBA,Emily Moore,2370
22,CS,David Harris,2371
22,CS,Samantha Allen,2372
22,EE,Christopher Baker,2373
22,EE,Lily Wright,2374
22,AI,Matthew Nelson,2375
22,AI,Grace Robinson,2376
22,BBA,John Turner,2377
22,BBA,Olivia Ward,2378
19,CS,John Smith,2379
19,CS,Alice Johnson,2380
19,EE,Michael Brown,2381
19,EE,Emily Davis,2382
19,AI,James Wilson,2383
19,AI,Sarah Clark,2384
19,BBA,David Martinez,2385
19,BBA,Jessica Thompson,2386
20,CS,Robert Garcia,2387
20,CS,Emma White,2388
20,EE,Daniel Lee,2389
20,EE,Olivia Hall,2390
20,AI,William Rodriguez,2391
20,AI,Sophia Lopez,2392
20,BBA,Matthew Perez,2393
20,BBA,Isabella Green,2394
21,CS,Joseph Carter,2395
21,CS,Abigail Young,2396
21,EE,Andrew Hill,2397
21,EE,Mia King,2398
21,AI,Alexander Scott,2399
21,AI,Charlotte Evans,2400
21,BBA,Daniel Turner,2401
21,BBA,Emily Moore,2402
22,CS,David Harris,2403
22,CS,Samantha Allen,2404
22,EE,Christopher Baker,2405
22,EE,Lily Wright,2406
22,AI,Matthew Nelson,2407
22,AI,Grace Robinson,2408
22,BBA,John Turner,2409
22,BBA,Olivia Ward,2410
19,CS,John Smith,2411
19,CS,Alice Johnson,2412
19,EE,Michael Brown,2413
19,EE,Emily Davis,2414
19,AI,James Wilson,2415
19,AI,Sarah Clark,2416
19,BBA,David Martinez,2417
19,BBA,Jessica Thompson,2418
20,CS,Robert Garcia,2419
20,CS,Emma White,2420
20,EE,Daniel Lee,2421
20,EE,Olivia Hall,2422
20,AI,William Rodriguez,2423
20,AI,Sophia Lopez,2424
20,BBA,Matthew Perez,2425
20,BBA,Isabella Green,2426
21,CS,Joseph Carter,2427
21,CS,Abigail Young,2428
21,EE,Andrew Hill,2429
21,EE,Mia King,2430
21,AI,Alexander Scott,2431
21,AI,Charlotte Evans,2432
21,BBA,Daniel Turner,2433
21,BBA,Emily Moore,2434
22,CS,David Harris,2435
22,CS,Samantha Allen,2436
22,EE,Christopher Baker,2437
19,CS,John Smith,2438
19,CS,Alice Johnson,2439
19,EE,Michael Brown,2440
19,EE,Emily Davis,2441
19,AI,James Wilson,2442
19,AI,Sarah Clark,2443
19,BBA,David Martinez,2444
19,BBA,Jessica Thompson,2445
20,CS,Robert Garcia,2446
20,CS,Emma White,2447
20,EE,Daniel Lee,2448
20,EE,Olivia Hall,2449
20,AI,William Rodriguez,2450
20,AI,Sophia Lopez,2451
20,BBA,Matthew Perez,2452
20,BBA,Isabella Green,2453
21,CS,Joseph Carter,2454
21,CS,Abigail Young,2455
21,EE,Andrew Hill,2456
21,EE,Mia King,2457
21,AI,Alexander Scott,2458
21,AI,Charlotte Evans,2459
21,BBA,Daniel Turner,2460
21,BBA,Emily Moore,2461
22,CS,David Harris,2462
22,CS,Samantha Allen,2463
22,EE,Christopher Baker,2464
22,EE,Lily Wright,2465
22,AI,Matthew Nelson,2466
22,AI,Grace Robinson,2467
22,BBA,John Turner,2468
22,BBA,Olivia Ward,2469
19,CS,John Smith,2470
19,CS,Alice Johnson,2471
19,EE,Michael Brown,2472
19,EE,Emily Davis,2473
19,AI,James Wilson,2474
19,AI,Sarah Clark,2475
19,BBA,David Martinez,2476
19,BBA,Jessica Thompson,2477
20,CS,Robert Garcia,2478
20,CS,Emma White,2479
20,EE,Daniel Lee,2480
20,EE,Olivia Hall,2481
20,AI,William Rodriguez,2482
20,AI,Sophia Lopez,2483
20,BBA,Matthew Perez,2484
20,BBA,Isabella Green,2485
21,CS,Joseph Carter,2486
21,CS,Abigail Young,2487
21,EE,Andrew Hill,2488
21,EE,Mia King,2489
21,AI,Alexander Scott,2490
21,AI,Charlotte Evans,2491
21,BBA,Daniel Turner,2492
21,BBA,Emily Moore,2493
22,CS,David Harris,2494
22,CS,Samantha Allen,2495
22,EE,Christopher Baker,2496
22,EE,Lily Wright,2497
22,AI,Matthew Nelson,2498
22,AI,Grace Robinson,2499
22,BBA,John Turner,2500
22,BBA,Olivia Ward,2501
19,CS,John Smith,2502
19,CS,Alice Johnson,2503
19,EE,Michael Brown,2504
19,EE,Emily Davis,2505
19,AI,James Wilson,2506
19,AI,Sarah Clark,2507
19,BBA,David Martinez,2508
19,BBA,Jessica Thompson,2509
20,CS,Robert Garcia,2510
20,CS,Emma White,2511
20,EE,Daniel Lee,2512
20,EE,Olivia Hall,2513
20,AI,William Rodriguez,2514
20,AI,Sophia Lopez,2515
20,BBA,Matthew Perez,2516
20,BBA,Isabella Green,2517
21,CS,Joseph Carter,2518
21,CS,Abigail Young,2519
21,EE,Andrew Hill,2520
21,EE,Mia King,2521
21,AI,Alexander Scott,2522
21,AI,Charlotte Evans,2523
21,BBA,Daniel Turner,2524
21,BBA,Emily Moore,2525
22,CS,David Harris,2526
22,CS,Samantha Allen,2527
22,EE,Christopher Baker,2528
22,EE,Lily Wright,2529
22,AI,Matthew Nelson,2530
22,AI,Grace Robinson,2531
22,BBA,John Turner,2532
22,BBA,Olivia Ward,2533
19,CS,John Smith,2534
19,CS,Alice Johnson,2535
19,EE,Michael Brown,2536
19,EE,Emily Davis,2537
19,AI,James Wilson,2538
19,AI,Sarah Clark,2539
19,BBA,David Martinez,2540
19,BBA,Jessica Thompson,2541
20,CS,Robert Garcia,2542
20,CS,Emma White,2543
20,EE,Daniel Lee,2544
20,EE,Olivia Hall,2545
20,AI,William Rodriguez,2546
20,AI,Sophia Lopez,2547
20,BBA,Matthew Perez,2548
20,BBA,Isabella Green,2549
21,CS,Joseph Carter,2550
21,CS,Abigail Young,2551
21,EE,Andrew Hill,2552
21,EE,Mia King,2553
21,AI,Alexander Scott,2554
21,AI,Charlotte Evans,2555
21,BBA,Daniel Turner,2556
21,BBA,Emily Moore,2557
22,CS,David Harris,2558
22,CS,Samantha Allen,2559
22,EE,Christopher Baker,2560
19,CS,John Smith,2561
19,CS,Alice Johnson,2562
19,EE,Michael Brown,2563
19,EE,Emily Davis,2564
19,AI,James Wilson,2565
19,AI,Sarah Clark,2566
19,BBA,David Martinez,2567
19,BBA,Jessica Thompson,2568
20,CS,Robert Garcia,2569
20,CS,Emma White,2570
20,EE,Daniel Lee,2571
20,EE,Olivia Hall,2572
20,AI,William Rodriguez,2573
20,AI,Sophia Lopez,2574
20,BBA,Matthew Perez,2575
20,BBA,Isabella Green,2576
21,CS,Joseph Carter,2577
21,CS,Abigail Young,2578
21,EE,Andrew Hill,2579
21,EE,Mia King,2580
21,AI,Alexander Scott,2581
21,AI,Charlotte Evans,2582
21,BBA,Daniel Turner,2583
21,BBA,Emily Moore,2584
22,CS,David Harris,2585
22,CS,Samantha Allen,2586
22,EE,Christopher Baker,2587
22,EE,Lily Wright,2588
22,AI,Matthew Nelson,2589
22,AI,Grace Robinson,2590
22,BBA,John Turner,2591
22,BBA,Olivia Ward,2592
19,CS,John Smith,2593
19,CS,Alice Johnson,2594
19,EE,Michael Brown,2595
19,EE,Emily Davis,2596
19,AI,James Wilson,2597
19,AI,Sarah Clark,2598
19,BBA,David Martinez,2599
19,BBA,Jessica Thompson,2600
20,CS,Robert Garcia,2601
20,CS,Emma White,2602
20,EE,Daniel Lee,2603
20,EE,Olivia Hall,2604
20,AI,William Rodriguez,2605
20,AI,Sophia Lopez,2606
20,BBA,Matthew Perez,2607
20,BBA,Isabella Green,2608
21,CS,Joseph Carter,2609
21,CS,Abigail Young,2610
21,EE,Andrew Hill,2611
21,EE,Mia King,2612
21,AI,Alexander Scott,2613
21,AI,Charlotte Evans,2614
21,BBA,Daniel Turner,2615
21,BBA,Emily Moore,2616
22,CS,David Harris,2617
22,CS,Samantha Allen,2618
22,EE,Christopher Baker,2619
22,EE,Lily Wright,2620
22,AI,Matthew Nelson,2621
22,AI,Grace Robinson,2622
22,BBA,John Turner,2623
22,BBA,Olivia Ward,2624
19,CS,John Smith,2625
19,CS,Alice Johnson,2626
19,EE,Michael Brown,2627
19,EE,Emily Davis,2628
19,AI,James Wilson,2629
19,AI,Sarah Clark,2630
19,BBA,David Martinez,2631
19,BBA,Jessica Thompson,2632
20,CS,Robert Garcia,2633
20,CS,Emma White,2634
20,EE,Daniel Lee,2635
20,EE,Olivia Hall,2636
20,AI,William Rodriguez,2637
20,AI,Sophia Lopez,2638
20,BBA,Matthew Perez,2639
20,BBA,Isabella Green,2640
21,CS,Joseph Carter,2641
21,CS,Abigail Young,2642
21,EE,Andrew Hill,2643
21,EE,Mia King,2644
21,AI,Alexander Scott,2645
21,AI,Charlotte Evans,2646
21,BBA,Daniel Turner,2647
21,BBA,Emily Moore,2648
22,CS,David Harris,2649
22,CS,Samantha Allen,2650
22,EE,Christopher Baker,2651
22,EE,Lily Wright,2652
22,AI,Matthew Nelson,2653
22,AI,Grace Robinson,2654
22,BBA,John Turner,2655
22,BBA,Olivia Ward,2656
19,CS,John Smith,2657
19,CS,Alice Johnson,2658
19,EE,Michael Brown,2659
19,EE,Emily Davis,2660
19,AI,James Wilson,2661
19,AI,Sarah Clark,2662
19,BBA,David Martinez,2663
19,BBA,Jessica Thompson,2664
20,CS,Robert Garcia,2665
20,CS,Emma White,2666
20,EE,Daniel Lee,2667
20,EE,Olivia Hall,2668
20,AI,William Rodriguez,2669
20,AI,Sophia Lopez,2670
20,BBA,Matthew Perez,2671
20,BBA,Isabella Green,2672
21,CS,Joseph Carter,2673
21,CS,Abigail Young,2674
21,EE,Andrew Hill,2675
21,EE,Mia King,2676
21,AI,Alexander Scott,2677
21,AI,Charlotte Evans,2678
21,BBA,Daniel Turner,2679
21,BBA,Emily Moore,2680
22,CS,David Harris,2681
22,CS,Samantha Allen,2682
22,EE,Christopher Baker,2683
19,CS,John Smith,2684
19,CS,Alice Johnson,2685
19,EE,Michael Brown,2686
19,EE,Emily Davis,2687
19,AI,James Wilson,2688
19,AI,Sarah Clark,2689
19,BBA,David Martinez,2690
19,BBA,Jessica Thompson,2691
20,CS,Robert Garcia,2692
20,CS,Emma White,2693
20,EE,Daniel Lee,2694
20,EE,Olivia Hall,2695
20,AI,William Rodriguez,2696
20,AI,Sophia Lopez,2697
20,BBA,Matthew Perez,2698
20,BBA,Isabella Green,2699
21,CS,Joseph Carter,2700
21,CS,Abigail Young,2701
21,EE,Andrew Hill,2702
21,EE,Mia King,2703
21,AI,Alexander Scott,2704
21,AI,Charlotte Evans,2705
21,BBA,Daniel Turner,2706
21,BBA,Emily Moore,2707
22,CS,David Harris,2708
22,CS,Samantha Allen,2709
22,EE,Christopher Baker,2710
22,EE,Lily Wright,2711
22,AI,Matthew Nelson,2712
22,AI,Grace Robinson,2713
22,BBA,John Turner,2714
22,BBA,Olivia Ward,2715
19,CS,John Smith,2716
19,CS,Alice Johnson,2717
19,EE,Michael Brown,2718
19,EE,Emily Davis,2719
19,AI,James Wilson,2720
19,AI,Sarah Clark,2721
19,BBA,David Martinez,2722
19,BBA,Jessica Thompson,2723
20,CS,Robert Garcia,2724
20,CS,Emma White,2725
20,EE,Daniel Lee,2726
20,EE,Olivia Hall,2727
20,AI,William Rodriguez,2728
20,AI,Sophia Lopez,2729
20,BBA,Matthew Perez,2730
20,BBA,Isabella Green,2731
21,CS,Joseph Carter,2732
21,CS,Abigail Young,2733
21,EE,Andrew Hill,2734
21,EE,Mia King,2735
21,AI,Alexander Scott,2736
21,AI,Charlotte Evans,2737
21,BBA,Daniel Turner,2738
21,BBA,Emily Moore,2739
22,CS,David Harris,2740
22,CS,Samantha Allen,2741
22,EE,Christopher Baker,2742
22,EE,Lily Wright,2743
22,AI,Matthew Nelson,2744
22,AI,Grace Robinson,2745
22,BBA,John Turner,2746
22,BBA,Olivia Ward,2747
19,CS,John Smith,2748
19,CS,Alice Johnson,2749
19,EE,Michael Brown,2750
19,EE,Emily Davis,2751
19,AI,James Wilson,2752
19,AI,Sarah Clark,2753
19,BBA,David Martinez,2754
19,BBA,Jessica Thompson,2755
20,CS,Robert Garcia,2756
20,CS,Emma White,2757
20,EE,Daniel Lee,2758
20,EE,Olivia Hall,2759
20,AI,William Rodriguez,2760
20,AI,Sophia Lopez,2761
20,BBA,Matthew Perez,2762
20,BBA,Isabella Green,2763
21,CS,Joseph Carter,2764
21,CS,Abigail Young,2765
21,EE,Andrew Hill,2766
21,EE,Mia King,2767
21,AI,Alexander Scott,2768
21,AI,Charlotte Evans,2769
21,BBA,Daniel Turner,2770
21,BBA,Emily Moore,2771
22,CS,David Harris,2772
22,CS,Samantha Allen,2773
22,EE,Christopher Baker,2774
22,EE,Lily Wright,2775
22,AI,Matthew Nelson,2776
22,AI,Grace Robinson,2777
22,BBA,John Turner,2778
22,BBA,Olivia Ward,2779
19,CS,John Smith,2780
19,CS,Alice Johnson,2781
19,EE,Michael Brown,2782
19,EE,Emily Davis,2783
19,AI,James Wilson,2784
19,AI,Sarah Clark,2785
19,BBA,David Martinez,2786
19,BBA,Jessica Thompson,2787
20,CS,Robert Garcia,2788
20,CS,Emma White,2789
20,EE,Daniel Lee,2790
20,EE,Olivia Hall,2791
20,AI,William Rodriguez,2792
20,AI,Sophia Lopez,2793
20,BBA,Matthew Perez,2794
20,BBA,Isabella Green,2795
21,CS,Joseph Carter,2796
21,CS,Abigail Young,2797
21,EE,Andrew Hill,2798
21,EE,Mia King,2799
21,AI,Alexander Scott,2800
21,AI,Charlotte Evans,2801
21,BBA,Daniel Turner,2802
21,BBA,Emily Moore,2803
22,CS,David Harris,2804
22,CS,Samantha Allen,2805
22,EE,Christopher Baker,2806
